{"cameraMode":{"drawMode":0,"name":"Shaded","section":"Shading Mode"},"sceneLighting":true,"audioPlay":false,"sceneViewState":{"showFog":true,"showMaterialUpdate":true,"showSkybox":true,"showFlares":true,"showImageEffects":true,"showParticleSystems":true},"in2DMode":false,"pivot":{"x":-2.489766836166382,"y":1.0,"z":105.51626586914063},"rotation":{"x":0.7320981025695801,"y":-0.0010217924136668444,"z":0.001098140492103994,"w":0.6811975836753845},"size":17.849159240722658,"orthographic":true}