{"cameraMode":{"drawMode":0,"name":"Shaded","section":"Shading Mode"},"sceneLighting":true,"audioPlay":false,"sceneViewState":{"showFog":true,"showMaterialUpdate":false,"showSkybox":true,"showFlares":true,"showImageEffects":true,"showParticleSystems":true},"in2DMode":false,"pivot":{"x":-5.336174964904785,"y":2.4099810123443605,"z":-47.52654266357422},"rotation":{"x":0.0735240951180458,"y":0.688287615776062,"z":-0.07045669108629227,"w":0.7182549834251404},"size":9.959541320800782,"orthographic":false}